cor_id	cor_weight	cor_coordinates
0	2749.9000000000005	LINESTRING(307215.96894388035 5044768.396903529, 307134.15583745344 5044714.005108132)
1	2744.9099999999985	LINESTRING(305964.4956050991 5043705.118196343, 305880.7833392231 5043654.09319403)
2	2419.8900000000003	LINESTRING(306346.80458719865 5043809.900429742, 306262.02421764116 5043760.785954793)
3	2388.1399999999994	LINESTRING(305142.6557332531 5043499.317424318, 305058.633846162 5043448.898096332)
4	2350.11	LINESTRING(306746.15928016446 5044547.100721036, 306665.3016242638 5044491.264631773)
5	2330.55	LINESTRING(306540.50005379494 5044193.773367016, 306624.4511102625 5044244.5205599)
6	2287.0699999999997	LINESTRING(306042.7153725949 5043747.717578102, 305958.08968192973 5043698.105077013)
7	2270.2799999999997	LINESTRING(305667.71558699454 5043654.6739377035, 305583.7614718339 5043604.1433716295)
8	2259.7099999999996	LINESTRING(305446.36140909174 5043607.784924804, 305362.4159712144 5043557.275071424)
9	2232.34	LINESTRING(306645.5947365569 5044460.2878647465, 306564.59902469185 5044404.811985755)
10	2185.4300000000003	LINESTRING(305846.1011672481 5043620.523789399, 305930.9911144659 5043669.88188238)
11	2141.2400000000007	LINESTRING(304963.6579606802 5043653.420335328, 304882.4884939655 5043598.026619324)
12	2119.210000000001	LINESTRING(306902.81222159695 5045730.475807313, 306981.71602649434 5045789.1770112775)
13	2107.9800000000005	LINESTRING(306760.9591425207 5044634.423730828, 306680.6048913105 5044577.825034372)
14	2056.23	LINESTRING(305606.6751358387 5043575.998894327, 305521.58823757584 5043527.2414956745)
15	2055.4799999999996	LINESTRING(305655.87402206846 5043882.047542333, 305572.25641697383 5043830.9521057615)
16	2033.7400000000005	LINESTRING(306063.162625823 5044402.702957044, 305981.9539061546 5044347.646695989)
17	2019.0	LINESTRING(306298.94228992943 5043987.183369541, 306383.38113642344 5044037.154528336)
18	2000.4399999999998	LINESTRING(303934.8850606692 5042886.286187709, 303850.2119888464 5042836.941985224)
19	1981.9399999999996	LINESTRING(302672.4188890675 5042187.212881936, 302587.9426942954 5042137.509770554)
20	1981.8799999999999	LINESTRING(307610.1093125666 5045352.492168223, 307618.6807374304 5045450.970684117)
21	1979.3600000000001	LINESTRING(307519.85440008197 5044245.968778107, 307510.4575855876 5044147.51592968)
22	1977.2900000000002	LINESTRING(304155.0684021039 5043149.457316975, 304070.675816006 5043099.604953685)
23	1944.6000000000004	LINESTRING(304635.7660051004 5043355.144669437, 304720.47617096035 5043404.776584439)
24	1937.4000000000005	LINESTRING(306757.698178434 5043954.910603024, 306841.84545098484 5044005.237550589)
25	1935.9400000000003	LINESTRING(304307.0771475061 5043271.176317382, 304222.7720065885 5043221.254155611)
26	1924.84	LINESTRING(307600.5624198896 5043600.957423015, 307601.2329998176 5043699.944173521)
27	1905.8700000000003	LINESTRING(306006.0602023919 5043686.219461609, 306091.17150863336 5043735.164486715)
28	1893.0500000000002	LINESTRING(306158.7927136879 5043859.42516184, 306073.744402097 5043810.6952795675)
29	1887.79	LINESTRING(303725.32113911444 5042865.152374645, 303641.1258335473 5042815.076471418)
30	1879.5699999999997	LINESTRING(303963.69222801295 5043016.238640288, 303879.70838380564 5042965.557627727)
31	1863.81	LINESTRING(306124.60847560654 5045228.615124895, 306199.397089105 5045292.96755997)
32	1863.1899999999998	LINESTRING(303359.03448828263 5042663.244622887, 303274.5510939163 5042613.663603991)
33	1855.2700000000002	LINESTRING(304205.9279854957 5043197.811446598, 304121.9912930382 5043147.235456677)
34	1854.7099999999996	LINESTRING(303261.07456212013 5042473.033176214, 303176.2097014179 5042424.024631125)
35	1839.66	LINESTRING(305673.2101640234 5043242.953357499, 305761.1021329076 5043286.619468246)
36	1837.1899999999998	LINESTRING(304961.3351162814 5042591.828469032, 304870.04951691977 5042555.548231722)
37	1830.0399999999997	LINESTRING(306140.6901451471 5044073.153048015, 306225.83037840395 5044122.049272172)
38	1810.32	LINESTRING(304042.9902865383 5043102.179934196, 303959.2391387755 5043051.216429507)
39	1801.8499999999997	LINESTRING(307696.89839381736 5044570.140921137, 307612.5568913638 5044520.4644105835)
40	1793.5400000000006	LINESTRING(304895.5029468465 5044138.486131318, 304971.49265939015 5044201.086638583)
41	1792.0999999999997	LINESTRING(305355.9242888043 5043288.228537151, 305269.79067693214 5043241.345411038)
42	1780.1199999999997	LINESTRING(303463.53376585233 5042850.399887411, 303380.0420475627 5042798.91577018)
43	1772.9700000000003	LINESTRING(306344.6699130933 5044130.0143278055, 306427.79561965377 5044182.686936083)
44	1750.0099999999995	LINESTRING(305319.2565792102 5042617.949466592, 305226.33587252337 5042585.530789781)
45	1737.44	LINESTRING(303996.393687149 5042220.968496609, 304086.1476016702 5042260.979800474)
46	1734.5500000000004	LINESTRING(306621.8852860161 5044095.948893877, 306538.3360063705 5044044.608060472)
47	1722.5	LINESTRING(303868.16710656916 5042842.563915372, 303783.5636642671 5042793.19553378)
48	1719.4499999999998	LINESTRING(305253.50925835996 5042759.338383827, 305343.3913422869 5042799.107160903)
49	1715.0500000000004	LINESTRING(307424.3908470851 5045170.248500608, 307413.441170757 5045071.961035827)
50	1711.7499999999998	LINESTRING(303300.9972134443 5042585.863021915, 303216.9376545167 5042535.5166307045)
51	1703.2399999999996	LINESTRING(301461.61655286874 5041540.003390567, 301376.53666914627 5041491.344457152)
52	1703.2399999999996	LINESTRING(301546.6964365911 5041588.662323979, 301461.61655286874 5041540.003390567)
53	1687.4500000000003	LINESTRING(307213.8061561973 5044234.897252625, 307129.1542254612 5044185.7081883)
54	1675.97	LINESTRING(305608.12489766174 5043630.11520202, 305693.96675417613 5043677.919339858)
55	1672.9199999999998	LINESTRING(307737.31891382666 5045507.404638256, 307736.242694034 5045606.243145513)
56	1657.3199999999997	LINESTRING(303058.1946582008 5042305.914859544, 302973.38659450633 5042256.577892205)
57	1654.1799999999996	LINESTRING(305726.5497148887 5042644.664487503, 305819.19898062927 5042677.810392923)
58	1652.6100000000004	LINESTRING(303108.219895147 5042700.616268676, 303189.73800331185 5042755.4439485185)
59	1648.1000000000001	LINESTRING(307363.33924587426 5043229.395229676, 307348.3835690306 5043326.077933118)
60	1647.1399999999999	LINESTRING(302312.89550267387 5041952.061383921, 302227.80365290446 5041903.55417796)
61	1647.1399999999996	LINESTRING(301881.83119218174 5041708.820994908, 301796.7393424123 5041660.313788948)
62	1643.8500000000004	LINESTRING(303773.7195304584 5042923.210626997, 303858.9712809745 5042971.861642907)
63	1642.5	LINESTRING(303965.7867630445 5043346.153935181, 304041.4478408189 5043409.1026535835)
64	1640.6999999999998	LINESTRING(306450.12813660357 5043077.687515753, 306541.8857660096 5043113.040333191)
65	1639.5699999999997	LINESTRING(304826.4735132359 5042570.536182131, 304736.1808040963 5042532.096351969)
66	1630.56	LINESTRING(302066.2091363508 5041789.415054159, 301981.15969785315 5041740.872993596)
67	1630.56	LINESTRING(302236.6014658074 5041885.698901792, 302151.55202730984 5041837.156841229)
68	1626.6300000000003	LINESTRING(303327.9544907265 5042671.616081208, 303413.1567892593 5042720.319007453)
69	1622.3899999999999	LINESTRING(300180.9470532127 5040633.87640058, 300095.95961602736 5040585.204805841)
70	1622.3899999999994	LINESTRING(300911.4740693446 5041054.14581032, 300826.48663215945 5041005.474215578)
71	1622.1100000000004	LINESTRING(303914.5105820917 5043036.023716676, 303999.6179997574 5043084.952470534)
72	1622.1100000000004	LINESTRING(304252.3538418512 5043226.629748588, 304337.461259517 5043275.558502448)
73	1618.5300000000002	LINESTRING(307465.7937982923 5043522.240728389, 307464.71327508055 5043423.306903871)
74	1606.5199999999998	LINESTRING(305157.22459937655 5042729.007453818, 305247.57505570166 5042767.888117308)
75	1606.0399999999997	LINESTRING(302339.78918298386 5042120.026478605, 302254.701568716 5042071.205102473)
76	1605.73	LINESTRING(302161.5626636943 5041825.282340433, 302076.2467506287 5041777.126069697)
77	1604.2999999999997	LINESTRING(302973.02689066075 5041808.866115764, 302881.87021250563 5041772.061871586)
78	1602.44	LINESTRING(306915.60117499856 5046608.391659639, 306988.0695571665 5046675.708591053)
79	1599.4699999999998	LINESTRING(306292.54489842267 5045438.790469946, 306367.85844943364 5045502.552912108)
80	1599.1200000000003	LINESTRING(303694.36657802196 5042872.298095195, 303779.3775500035 5042921.367123444)
81	1590.7100000000005	LINESTRING(302715.1040548868 5042409.01164573, 302796.54994481034 5042464.023894198)
82	1590.1399999999994	LINESTRING(301006.2797562113 5041124.984300383, 300921.5431756726 5041075.788843249)
83	1590.1399999999996	LINESTRING(301176.95064806455 5041224.205936454, 301092.21406752605 5041175.010479319)
84	1590.1399999999996	LINESTRING(301261.6872286034 5041273.401393591, 301176.95064806455 5041224.205936454)
85	1582.7999999999997	LINESTRING(305139.83411345456 5042827.188653415, 305050.67034049594 5042786.071300021)
86	1580.35	LINESTRING(300421.05749940866 5040687.315051089, 300511.9707375846 5040724.657168269)
87	1575.5299999999995	LINESTRING(305796.5637109279 5042839.974052272, 305703.2967137383 5042808.088983712)
88	1574.6099999999997	LINESTRING(303391.56478118926 5042791.391337445, 303309.3901579351 5042737.409532085)
89	1571.6	LINESTRING(303542.69651102345 5042885.181257115, 303458.57167738705 5042834.751799802)
90	1566.2700000000002	LINESTRING(307306.1123607713 5043070.669995545, 307300.9782034856 5043169.365772167)
91	1547.1899999999996	LINESTRING(301336.9507233441 5041322.655659879, 301252.5456419795 5041272.80408976)
92	1547.06	LINESTRING(302599.4995028709 5041664.5437273085, 302690.2809176524 5041702.171383965)
93	1547.06	LINESTRING(302694.68827924813 5041704.293558284, 302785.46969402995 5041741.92121494)
94	1544.3000000000002	LINESTRING(305750.72596924 5045209.518584111, 305680.6405490098 5045139.917866101)
95	1536.6100000000004	LINESTRING(307641.1748136005 5044152.629197719, 307652.75087962626 5044250.615333213)
96	1535.88	LINESTRING(303335.68448104657 5041921.446748144, 303426.2335694136 5041959.456694495)
97	1534.0999999999997	LINESTRING(301888.0094368691 5041337.5811851015, 301796.79975903424 5041301.210721378)
98	1527.5699999999997	LINESTRING(304926.6406481018 5042356.945749785, 305019.50609036395 5042389.341242981)
99	1525.8999999999999	LINESTRING(301444.82612111926 5041536.176048335, 301530.80061210966 5041583.696254452)
100	1524.27	LINESTRING(300656.969592721 5040821.345550657, 300565.4693082261 5040785.589071101)
101	1524.27	LINESTRING(300848.62140450097 5040891.080375315, 300757.1211200062 5040855.323895762)
102	1523.2799999999997	LINESTRING(304673.7509953273 5044074.590335469, 304747.7519706011 5044139.794377739)
103	1522.53	LINESTRING(301819.5180023663 5041261.947243969, 301910.1965074116 5041299.799849885)
104	1522.53	LINESTRING(301913.6299419987 5041300.189134245, 302004.30844704394 5041338.041740161)
105	1522.5299999999997	LINESTRING(300927.6639860007 5040892.468610504, 301018.34249104606 5040930.321216419)
106	1522.5299999999997	LINESTRING(301111.48898995365 5040968.813180756, 301202.1674949989 5041006.665786671)
107	1522.5299999999997	LINESTRING(301202.1674949989 5041006.665786671, 301292.84600004426 5041044.51839259)
108	1522.5299999999997	LINESTRING(301379.7744511533 5041080.147147579, 301470.45295619854 5041117.999753496)
109	1518.9700000000007	LINESTRING(307561.64629380254 5045729.978474069, 307549.10017272393 5045631.914977901)
110	1517.41	LINESTRING(306981.69872235204 5043934.519673252, 307065.5706145484 5043984.729216776)
111	1514.4199999999998	LINESTRING(303401.3077789004 5041935.733342446, 303309.43124053685 5041900.345031034)
112	1512.4999999999995	LINESTRING(301078.7182566086 5041192.604508322, 300994.5813670616 5041142.2194456)
113	1507.8700000000001	LINESTRING(304194.0680032926 5043135.194870255, 304279.88552723336 5043182.89809693)
114	1507.3299999999997	LINESTRING(302367.0575779473 5042280.868230138, 302282.95040214225 5042230.231026059)
115	1506.6399999999999	LINESTRING(302085.8924604955 5041393.625315979, 302176.49745524756 5041431.649770688)
116	1506.6399999999996	LINESTRING(302264.9521760993 5041468.540021917, 302355.5571708514 5041506.564476627)
117	1506.6399999999996	LINESTRING(302444.3829533315 5041544.346425144, 302534.9879480837 5041582.370879855)
118	1505.9499999999998	LINESTRING(301021.4364418681 5040924.390374385, 301112.18664969853 5040962.065190748)
119	1505.3400000000001	LINESTRING(302892.88813225593 5041721.547856007, 302983.3757758132 5041759.613610753)
120	1504.45	LINESTRING(307524.08422469324 5044031.948002109, 307532.23229908105 5044130.403511059)
121	1504.0399999999995	LINESTRING(301435.98245182 5041344.663695666, 301351.59592270677 5041294.695469989)
122	1477.0000000000005	LINESTRING(305902.8492053405 5043340.796626321, 305987.97030691965 5043390.106868049)
123	1476.1799999999996	LINESTRING(303116.74791704316 5041872.736265031, 303025.7302241195 5041835.518366444)
124	1473.1399999999999	LINESTRING(300839.93537227914 5040848.735901178, 300930.9013956448 5040885.943574357)
125	1468.5399999999997	LINESTRING(305705.7486371461 5044038.019614478, 305790.4881366201 5044088.02051366)
126	1465.8700000000006	LINESTRING(307816.8142238806 5044982.167266647, 307828.88996431546 5045080.185782118)
127	1465.5600000000002	LINESTRING(307405.64666318794 5043992.530065537, 307320.810824777 5043943.906009478)
128	1464.3600000000001	LINESTRING(305228.4911771142 5044864.9273590315, 305158.0747265339 5044795.635167638)
129	1461.7399999999998	LINESTRING(305452.63045083714 5042786.284384652, 305543.6500170992 5042824.003692605)
130	1455.8099999999997	LINESTRING(301304.41267277236 5041020.628399601, 301395.325068392 5041057.890026005)
131	1455.4899999999998	LINESTRING(302009.1146222815 5041323.630361309, 302099.54315831565 5041361.986875458)
132	1454.0299999999997	LINESTRING(302340.4369715076 5041546.460848837, 302430.7250688172 5041585.453488144)
133	1446.6	LINESTRING(302184.56041519064 5041411.8791442765, 302275.1759140043 5041450.013991088)
134	1445.4699999999998	LINESTRING(300668.1282452828 5040765.742631376, 300759.12331781926 5040802.80669493)
135	1432.9999999999998	LINESTRING(300374.3861858837 5040707.210750607, 300282.70345563156 5040672.02433616)
136	1432.4000000000003	LINESTRING(303232.3652518362 5041892.923022033, 303322.76547898457 5041931.1704363935)
137	1420.8399999999997	LINESTRING(306710.9271851915 5042673.507818731, 306807.59280422283 5042692.943675335)
138	1419.5700000000002	LINESTRING(307539.70011410664 5044543.313052052, 307539.87093234784 5044642.41458749)
139	1412.9899999999998	LINESTRING(307223.558265877 5043714.009168639, 307137.60450528277 5043667.774635792)
140	1411.6900000000005	LINESTRING(307614.32797699515 5045485.593861124, 307601.86917842407 5045387.508565657)
141	1405.4900000000002	LINESTRING(306795.61560328206 5046046.29415493, 306718.70261691 5045984.395584807)
142	1405.3899999999996	LINESTRING(304888.0474140395 5042966.436406203, 304799.6888377238 5042924.317992364)
143	1403.8099999999997	LINESTRING(300746.94705559075 5040822.470047541, 300838.18914814555 5040858.981058592)
144	1400.53	LINESTRING(302523.8585366766 5041611.8137371745, 302614.3550092415 5041650.050345911)
145	1397.2400000000005	LINESTRING(307771.5754322445 5045284.330620954, 307781.55053103954 5045382.831658226)
146	1395.4399999999998	LINESTRING(300153.8403046915 5040504.952303643, 300245.0963120119 5040541.268117326)
147	1377.3300000000002	LINESTRING(307771.0574792154 5044948.555000826, 307781.23034848773 5045047.011792159)
148	1375.33	LINESTRING(300782.9526732497 5040797.489130936, 300691.216424637 5040761.956942174)
149	1374.2499999999998	LINESTRING(303375.05701651116 5042718.0930607645, 303460.59716256696 5042765.99279135)
150	1373.6099999999997	LINESTRING(307677.76649735007 5042821.788127937, 307775.20933622704 5042838.434247933)
151	1369.8899999999999	LINESTRING(300075.84430231625 5040477.015384039, 299984.16243206494 5040442.130670886)
152	1369.46	LINESTRING(307280.306696908 5042969.399798885, 307187.34605651716 5042937.069034721)
153	1368.1499999999996	LINESTRING(300446.55365654675 5040764.710825958, 300361.7313923062 5040716.007647043)
154	1361.3799999999999	LINESTRING(306446.88046249334 5045755.936508783, 306520.39199755114 5045821.914437647)
155	1359.2200000000005	LINESTRING(307543.2241159645 5044998.934441997, 307531.2198964327 5044900.779514251)
156	1347.8999999999999	LINESTRING(307473.40716768615 5043468.63431921, 307468.3437367771 5043567.509267056)
157	1347.2499999999998	LINESTRING(303226.2621818517 5041761.45734736, 303321.6148960764 5041786.326545533)
158	1345.05	LINESTRING(307535.6159533618 5042398.628749803, 307549.9460924669 5042301.870010075)
159	1343.8300000000002	LINESTRING(307507.99435477675 5043844.795806157, 307507.3231918292 5043745.788565206)
160	1340.6599999999999	LINESTRING(302990.61494421144 5042773.21183055, 303066.3145697442 5042836.087326746)
161	1340.5699999999997	LINESTRING(302053.1303812754 5041621.680985499, 301966.73764881375 5041575.053969775)
162	1337.6499999999999	LINESTRING(306558.37807682314 5046906.853370971, 306494.37188203976 5046831.889454287)
163	1332.26	LINESTRING(306804.82091783866 5046162.836040338, 306878.2072008616 5046228.950747195)
164	1329.9499999999998	LINESTRING(301691.98071608855 5041474.560114735, 301606.3994425494 5041427.1086179)
165	1329.57	LINESTRING(304297.6200654499 5043853.6779278815, 304221.17941903655 5043790.894451203)
166	1329.3500000000001	LINESTRING(305075.91349986085 5042702.191260727, 305167.25326967024 5042739.196366483)
167	1326.34	LINESTRING(307534.18214935693 5045154.562664425, 307528.3167150933 5045055.631574824)
168	1325.21	LINESTRING(305058.36760960135 5043581.574604271, 304972.89173921075 5043534.279668972)
169	1323.56	LINESTRING(299896.51096030435 5040408.56548984, 299988.04448407784 5040444.193558835)
170	1319.3700000000001	LINESTRING(307766.9457840484 5045408.369848659, 307778.3358788333 5045506.606833081)
171	1305.39	LINESTRING(308027.07410982443 5043341.111361094, 307937.5284168928 5043301.393782651)
172	1304.38	LINESTRING(303896.05891841406 5042936.154785559, 303980.41631390026 5042986.738678987)
173	1300.3400000000001	LINESTRING(302821.7069626952 5041630.056014116, 302912.0486511726 5041668.554236453)
174	1298.9800000000005	LINESTRING(307383.29540193285 5046475.039564378, 307366.98750451783 5046377.760166143)
175	1296.1600000000003	LINESTRING(307347.5805996259 5044610.552572247, 307342.3145395854 5044511.528592822)
176	1292.3600000000004	LINESTRING(307571.2801256775 5043655.212535106, 307557.44177053135 5043752.139954634)
177	1291.9500000000003	LINESTRING(307645.0178713498 5044740.202122529, 307648.32327095536 5044839.339206754)
178	1282.75	LINESTRING(307538.81945865275 5042243.919931478, 307536.22266621754 5042342.746467705)
179	1277.1600000000003	LINESTRING(307790.58645390224 5045995.462940982, 307802.83986853395 5046093.50519954)
180	1272.1699999999998	LINESTRING(301948.5088084416 5041433.445986922, 301858.4249527126 5041394.788857805)
181	1271.9499999999996	LINESTRING(303347.56076820876 5043130.932071143, 303422.21655059315 5043195.611468905)
182	1265.12	LINESTRING(300297.68738371134 5040604.145679203, 300206.60004740045 5040567.681546186)
183	1263.08	LINESTRING(306965.9535967057 5043476.980354317, 307053.1365733253 5043521.653419385)
184	1260.5600000000002	LINESTRING(307855.3520741385 5048669.112806189, 307808.275761825 5048583.554090712)
185	1259.1800000000003	LINESTRING(306618.0995280676 5046051.019639737, 306691.8309717322 5046116.783240458)
186	1258.5300000000004	LINESTRING(308537.8214608626 5042685.172833491, 308635.3604706417 5042701.090256749)
187	1253.1399999999994	LINESTRING(306346.7765519677 5045766.432790379, 306418.85145670903 5045834.411599728)
188	1249.5200000000002	LINESTRING(304888.1113661985 5044394.967017416, 304960.248574901 5044462.202949932)
189	1247.25	LINESTRING(300322.6080580039 5040669.608818145, 300415.30097592255 5040702.995124569)
190	1246.13	LINESTRING(306478.0908298445 5046800.816810065, 306412.62640476116 5046727.030480325)
191	1245.6399999999999	LINESTRING(301259.89329199906 5041477.840611621, 301339.8522516904 5041535.536149033)
192	1244.17	LINESTRING(307492.3647393399 5043246.24094695, 307486.19302852225 5043345.058531393)
193	1241.3600000000004	LINESTRING(307543.2785216774 5045640.59540321, 307528.9040573343 5045542.755645921)
194	1236.5000000000002	LINESTRING(305653.8307284532 5045402.534464617, 305581.63665803045 5045335.297138318)
195	1232.2300000000005	LINESTRING(307592.73727236537 5046430.420013486, 307607.6230729634 5046528.021503162)
196	1230.65	LINESTRING(307542.32632663887 5043839.917516659, 307536.2195843033 5043938.622581478)
197	1228.96	LINESTRING(307790.5579776184 5045509.61452666, 307798.44010349025 5045608.473777773)
198	1218.9899999999998	LINESTRING(308716.79877228505 5043544.477133971, 308624.63570648443 5043510.364647537)
199	1218.9799999999996	LINESTRING(304615.9237799753 5042091.032718214, 304709.1989693681 5042122.624891526)
200	1217.5200000000002	LINESTRING(307808.3232343107 5044437.217884957, 307818.97965315264 5044535.41706027)
201	1216.1000000000006	LINESTRING(307442.24965835945 5044787.3056904785, 307434.13412082667 5044688.437218346)
202	1210.5699999999997	LINESTRING(304289.5433818475 5043689.679545322, 304362.3493152422 5043755.985728461)
203	1209.1899999999996	LINESTRING(302673.49871386215 5042861.456328805, 302598.46969925676 5042797.301536115)
204	1203.7199999999998	LINESTRING(301740.72684252885 5041225.409531618, 301833.826423466 5041258.173111938)
205	1202.9299999999998	LINESTRING(306607.19739346043 5046954.277411193, 306543.6950639578 5046879.002049956)
206	1202.9299999999998	LINESTRING(306730.83106942824 5047102.484176475, 306667.3287399255 5047027.208815239)
207	1201.83	LINESTRING(305524.9109703198 5042827.197788891, 305614.4671947034 5042867.390133815)
208	1196.89	LINESTRING(306368.14159406285 5046785.36077592, 306308.7488793824 5046707.049902702)
209	1190.1300000000003	LINESTRING(307314.76102173625 5044081.597122205, 307331.0762987972 5043985.191698208)
210	1187.73	LINESTRING(305544.7408168667 5044744.388774043, 305609.4557698486 5044818.773859434)
211	1184.2800000000002	LINESTRING(307223.4167024412 5043466.115743294, 307223.8724802554 5043367.224527019)
212	1177.8300000000002	LINESTRING(299782.93902322534 5040277.587321206, 299697.3308689553 5040229.952373249)
213	1177.34	LINESTRING(306667.46646318067 5042446.482190147, 306765.16526880686 5042461.02476602)
214	1174.79	LINESTRING(308578.4635669049 5048920.547491715, 308592.53839687054 5049018.210667114)
215	1174.0999999999997	LINESTRING(307968.4487504841 5042801.864832973, 307872.5899672934 5042777.3421059465)
216	1173.9099999999999	LINESTRING(302579.19440459495 5042443.167647443, 302500.61617391044 5042383.449665485)
217	1173.88	LINESTRING(307194.3970437527 5043261.548479445, 307194.29755936074 5043162.758256603)
218	1171.47	LINESTRING(305841.0742049956 5042625.572940333, 305746.69033423514 5042596.316145849)
219	1164.1200000000001	LINESTRING(307494.9419495738 5044816.060302018, 307482.8776554058 5044717.911056997)
220	1160.91	LINESTRING(307417.8993135212 5042827.334228482, 307419.78590318834 5042728.499487)
221	1159.76	LINESTRING(307494.77465876756 5042486.045733174, 307487.94784101605 5042584.745852121)
222	1155.9499999999998	LINESTRING(304242.6509146785 5043513.110576373, 304162.6339398125 5043456.303866389)
223	1155.8000000000002	LINESTRING(307280.55796127225 5043892.378892599, 307282.04428935586 5043793.363056067)
224	1154.06	LINESTRING(306870.7120389307 5046825.307315871, 306938.6120168729 5046897.071700998)
225	1153.99	LINESTRING(307430.0419593809 5046222.208267557, 307415.84554723685 5046124.346771288)
226	1153.4	LINESTRING(307637.08533658256 5045881.475134658, 307624.90520495665 5045783.114513213)
227	1151.8999999999999	LINESTRING(307810.724809115 5044000.90984471, 307724.423804104 5043954.935204521)
228	1143.61	LINESTRING(303578.3822886507 5042035.175613088, 303668.38442642894 5042074.484539991)
229	1141.5900000000001	LINESTRING(306498.69263145834 5046070.0750567475, 306571.1623317393 5046137.524960468)
230	1137.8899999999999	LINESTRING(306196.94899960025 5046059.121510876, 306125.34869368945 5045990.690525214)
231	1128.6899999999998	LINESTRING(307589.2134702361 5042776.577334845, 307493.62249015644 5042751.254305336)
232	1117.35	LINESTRING(306062.7308512209 5045616.47482122, 306135.95076298807 5045682.788058474)
233	1115.79	LINESTRING(307776.361866501 5044467.413481338, 307774.4806793593 5044566.544806382)
234	1112.0600000000002	LINESTRING(299622.0619601935 5040217.566671588, 299706.9646302338 5040266.434856432)
235	1109.7700000000002	LINESTRING(307342.14293558296 5044260.026355488, 307331.8763104698 5044161.6480528945)
236	1103.5800000000002	LINESTRING(307616.5837721664 5046110.917193801, 307629.46416072943 5046208.777832137)
237	1103.26	LINESTRING(307136.3395910575 5042980.9858010765, 307152.596722131 5042884.733019029)
238	1101.4199999999998	LINESTRING(308006.06495673273 5042416.78455388, 308103.47877376573 5042433.573908303)
239	1097.7399999999998	LINESTRING(302970.87358712486 5041749.213727252, 303061.39266764896 5041786.840410268)
240	1094.9299999999998	LINESTRING(308671.3735991621 5043128.387508803, 308575.86934636615 5043102.925009441)
241	1087.77	LINESTRING(303025.77949543734 5041349.014641883, 302930.17651079525 5041323.708342246)
242	1084.85	LINESTRING(303687.4917421789 5043482.029417324, 303761.0616650607 5043547.707486882)
243	1084.4900000000002	LINESTRING(307321.0043506713 5042038.077252422, 307317.708754497 5042136.751072394)
244	1082.4099999999999	LINESTRING(307617.73395462404 5044014.90015523, 307629.22561421356 5044113.017896407)
245	1081.7899999999997	LINESTRING(300541.364841237 5040966.393538644, 300464.0178070263 5040905.033252248)
246	1079.97	LINESTRING(307747.39306676004 5045399.321090182, 307735.14491866186 5045300.990187164)
247	1078.34	LINESTRING(307361.0120676957 5046143.324826533, 307348.256587115 5046045.16142975)
248	1076.9099999999999	LINESTRING(307116.12461202295 5047030.916873233, 307187.76544158976 5047099.174875683)
249	1073.2100000000003	LINESTRING(307802.81524832034 5046563.439957118, 307800.48673436895 5046662.107949945)
250	1072.4300000000003	LINESTRING(307531.19469618436 5042465.953563605, 307628.9922534084 5042480.379308306)
251	1072.2800000000002	LINESTRING(307235.8962209988 5043865.718481914, 307226.1893155549 5043767.658039684)
252	1072.22	LINESTRING(308539.28167491895 5042605.174757713, 308636.2323653598 5042624.12650586)
253	1071.8000000000002	LINESTRING(307411.10522014776 5044099.34378837, 307394.34724892257 5044195.686426382)
254	1070.7599999999998	LINESTRING(309003.1353348086 5049948.816354163, 309005.1807523327 5049850.512382969)
255	1064.9999999999998	LINESTRING(306749.27584783145 5047237.454232071, 306687.05271719536 5047160.9572013235)
256	1063.7899999999997	LINESTRING(308732.64551539393 5043292.964535128, 308639.9251584105 5043260.056775744)
257	1058.8000000000002	LINESTRING(307258.64034832985 5042728.814843794, 307268.25229824986 5042827.065741281)
258	1056.43	LINESTRING(305881.53052258637 5044080.843793245, 305796.2457508962 5044032.8822952835)
259	1053.7900000000002	LINESTRING(307723.78321897757 5045079.970069106, 307733.66105770966 5045178.8339123735)
260	1049.1000000000001	LINESTRING(307472.717220816 5043058.078819544, 307468.7941229726 5043156.896191295)
261	1046.2	LINESTRING(306303.231289734 5046714.3727300465, 306243.35164817976 5046636.246966817)
262	1040.0400000000002	LINESTRING(308732.6222019993 5050158.012790988, 308760.2092128612 5050251.884930036)
263	1039.27	LINESTRING(300482.9115521581 5040795.434480641, 300577.94281418365 5040822.34031461)
264	1034.9299999999998	LINESTRING(307187.6729876583 5042395.954072331, 307201.160207504 5042298.820811165)
265	1034.06	LINESTRING(308376.1939143594 5042533.198315729, 308473.1887394714 5042551.903373158)
266	1032.37	LINESTRING(299960.1504304175 5040425.12183527, 299868.40784622444 5040389.865063918)
267	1030.57	LINESTRING(306515.8397725754 5047155.242535116, 306452.82008061337 5047079.282791176)
268	1022.9699999999999	LINESTRING(303474.6347541245 5041803.425952043, 303565.616632312 5041839.360034723)
269	1022.9500000000002	LINESTRING(307482.64184098627 5042816.608926334, 307388.2613398811 5042787.710886915)
270	1018.81	LINESTRING(301784.282546793 5040925.6634315755, 301877.74816431466 5040956.790378846)
271	1017.9300000000001	LINESTRING(308158.23651326686 5042343.496909511, 308255.703609163 5042360.097184006)
272	1017.5199999999999	LINESTRING(306589.0024222636 5046412.184235525, 306657.874362113 5046483.16005567)
273	1015.73	LINESTRING(307138.36971205845 5042588.295447364, 307042.0060277643 5042564.748851993)
274	1004.7600000000002	LINESTRING(307287.53904030926 5047871.771650153, 307230.10761033953 5047791.842197096)
275	1001.25	LINESTRING(300081.9313329678 5040457.53440898, 300174.61017079465 5040491.3019126775)
276	991.77	LINESTRING(306940.11038739816 5042477.769804185, 306844.2488654579 5042453.477123629)
277	990.3199999999999	LINESTRING(299788.2874871379 5040328.399917951, 299879.18245082296 5040365.334337816)
278	989.7700000000003	LINESTRING(307681.0386549676 5046698.840679145, 307692.2075808902 5046796.955495074)
279	983.9499999999998	LINESTRING(304239.27601458743 5044261.832106537, 304308.8182184411 5044332.671440903)
280	982.3000000000001	LINESTRING(305361.9438947528 5042108.033618332, 305460.0613467441 5042120.655915137)
281	979.7900000000001	LINESTRING(308133.3379571899 5049339.818549426, 308078.8319252525 5049257.970064324)
282	979.16	LINESTRING(303225.2542364686 5041717.099045801, 303316.37975972245 5041754.224930396)
283	977.88	LINESTRING(307912.6935919545 5042424.476488058, 308010.48374949076 5042438.777110186)
284	976.2100000000003	LINESTRING(307589.5786941896 5048289.726492695, 307532.51570336235 5048209.555564769)
285	975.47	LINESTRING(305690.441204664 5045618.491639812, 305759.42130481463 5045689.700981182)
286	974.8899999999999	LINESTRING(300160.41299360327 5040664.466487818, 300076.6201145454 5040614.3846998215)
287	973.9399999999999	LINESTRING(307550.18589163735 5042643.998720311, 307564.25959183375 5042547.119243341)
288	970.5600000000001	LINESTRING(307252.19162944023 5043084.403870899, 307247.67518893315 5042985.142309515)
289	964.6500000000001	LINESTRING(307052.41544393206 5047652.46632091, 306994.301458733 5047573.005553819)
290	963.0399999999998	LINESTRING(300284.7223340313 5040741.585386404, 300362.12774813897 5040802.591722619)
291	962.7299999999998	LINESTRING(299899.5021201481 5040313.939192346, 299808.692207528 5040276.892552059)
292	961.5399999999998	LINESTRING(307400.74030396907 5042717.276594518, 307416.1674735776 5042620.5583000295)
293	960.3100000000002	LINESTRING(308659.28989315155 5042529.38566163, 308756.93631794414 5042545.574277156)
294	960.11	LINESTRING(306857.64158441604 5046741.649097454, 306927.06491230003 5046811.862140963)
295	959.6299999999999	LINESTRING(307817.1785038005 5042364.390465721, 307915.09545529174 5042379.045489868)
296	952.4200000000001	LINESTRING(306884.87486094097 5042433.781363588, 306982.22641223355 5042450.163645344)
297	952.2100000000002	LINESTRING(307935.4818665913 5046479.718872561, 307932.3928926549 5046578.47034404)
298	951.59	LINESTRING(307153.42871647293 5041795.66089757, 307153.1910318157 5041894.615606495)
299	949.3100000000001	LINESTRING(308049.5063096572 5046173.968900826, 308061.657726499 5046271.912900847)
300	946.3199999999998	LINESTRING(300487.6934234034 5040850.08609049, 300411.8300236615 5040786.699362641)
301	944.5600000000003	LINESTRING(307592.45507665817 5048369.310765332, 307534.8780514929 5048289.498688941)
302	935.94	LINESTRING(306254.4531274209 5045657.258352378, 306326.55320167204 5045725.507854543)
303	932.72	LINESTRING(305834.1393588931 5045530.240310007, 305764.26879645674 5045459.942353502)
304	927.64	LINESTRING(308132.29913816927 5048625.29222882, 308066.26464386104 5048551.810458438)
305	926.9	LINESTRING(307047.249414482 5043724.007735646, 307042.6404474287 5043822.616823472)
306	923.5900000000001	LINESTRING(308765.22156746645 5049338.841011672, 308780.6603136598 5049436.352606592)
307	923.59	LINESTRING(308741.50844465336 5049374.778739544, 308725.32923848095 5049277.524817878)
308	921.2200000000001	LINESTRING(305372.14376813895 5045191.716578661, 305307.413604101 5045116.572640214)
309	920.9499999999999	LINESTRING(304260.13385395147 5041762.968263437, 304353.4189658525 5041793.103130339)
310	919.83	LINESTRING(306967.3694945479 5047480.366494168, 306909.8970800186 5047400.632347009)
311	914.9100000000002	LINESTRING(308564.80969506485 5043049.12226458, 308469.0880260713 5043023.808334067)
312	914.7099999999999	LINESTRING(306924.02691273746 5041646.300886934, 306913.6355775841 5041744.096454592)
313	912.42	LINESTRING(307197.14902738587 5047288.569791399, 307268.0091733845 5047357.193244726)
314	910.11	LINESTRING(308807.00962601247 5049650.079205205, 308821.8948563758 5049747.61192241)
315	905.67	LINESTRING(308253.296355317 5048767.476087979, 308186.78909839166 5048694.358803983)
316	905.6700000000002	LINESTRING(308319.8036122422 5048840.593371972, 308253.2963553169 5048767.476087978)
317	905.6700000000002	LINESTRING(308577.1013107825 5049124.684688933, 308510.59405385714 5049051.567404939)
318	904.3599999999999	LINESTRING(309034.27367304737 5043558.001955714, 308941.4368540714 5043525.052748798)
319	904.3399999999999	LINESTRING(300181.98424541135 5040555.796360192, 300252.9436700848 5040624.545514822)
320	900.93	LINESTRING(303918.080685804 5043935.8540441375, 303988.343403441 5044005.57702009)
321	895.6199999999999	LINESTRING(306971.1506841861 5041515.156315315, 306983.75295634964 5041612.95348412)
322	892.71	LINESTRING(307514.13715971983 5042341.029745954, 307511.66089305934 5042439.74677076)
323	889.5400000000002	LINESTRING(307213.6213979688 5043574.305796685, 307208.12779649114 5043475.0656651845)
324	889.34	LINESTRING(307336.7975299776 5047635.502512419, 307270.2285483762 5047562.2042128835)
325	888.0100000000001	LINESTRING(307277.9889608183 5047893.233476597, 307212.9425914573 5047818.662068674)
326	887.0100000000001	LINESTRING(305910.9441351879 5046277.474719358, 305843.6562116226 5046204.577291719)
327	886.67	LINESTRING(307380.2953562168 5044958.617019955, 307353.5263141217 5045052.2569970265)
328	883.7100000000002	LINESTRING(306867.79889217956 5041996.753191634, 306864.5314811925 5041897.819647035)
329	882.2199999999998	LINESTRING(303548.08410700463 5041801.903047237, 303453.5318401774 5041773.438727338)
330	880.82	LINESTRING(308869.50504792406 5050617.246766759, 308851.2975721474 5050520.233740385)
331	877.0699999999998	LINESTRING(308972.9425404478 5050393.229379347, 308969.0235027342 5050491.427501583)
332	876.89	LINESTRING(307349.0956380826 5042687.450643457, 307340.3593187971 5042785.4568656385)
333	876.17	LINESTRING(306439.6814007521 5042225.769038516, 306538.2134902222 5042236.835122132)
334	876.17	LINESTRING(308489.39469281666 5042918.524384821, 308392.54241788556 5042897.031697732)
335	875.7299999999999	LINESTRING(299712.9449301952 5040269.626046306, 299804.0116436307 5040306.186826574)
336	875.1600000000001	LINESTRING(308532.5537502222 5048294.114869589, 308545.6340976568 5048391.855771184)
337	873.3400000000001	LINESTRING(306921.35199583496 5047393.135963258, 306863.9606288755 5047313.329483761)
338	870.5600000000001	LINESTRING(305043.7548568832 5043411.478153773, 304958.67420214997 5043364.116723685)
339	867.3000000000002	LINESTRING(308712.9854505349 5049141.456416633, 308729.5015892949 5049238.823096103)
340	865.07	LINESTRING(309003.78684532264 5042504.873889242, 309101.37527652615 5042521.985801224)
341	864.67	LINESTRING(305565.44404307066 5045422.330569077, 305636.6521767326 5045490.682328337)
342	860.1000000000001	LINESTRING(307702.05178929283 5048403.7037186595, 307641.86613895895 5048325.374477658)
343	859.85	LINESTRING(304820.9435696632 5044807.742104092, 304891.5816466331 5044876.363569838)
344	857.43	LINESTRING(299723.8128978443 5040187.579324502, 299650.7061791491 5040121.144991318)
345	853.2500000000002	LINESTRING(307149.4260191742 5040732.636288718, 307150.8787686237 5040831.499803476)
346	852.27	LINESTRING(308558.3949080892 5048171.298008051, 308570.6660544497 5048269.241903353)
347	852.27	LINESTRING(308546.1237617285 5048073.354112746, 308558.3949080892 5048171.298008051)
348	851.7700000000001	LINESTRING(307480.1400169495 5045484.344782613, 307480.90621834266 5045583.407226989)
349	851.0	LINESTRING(308114.7487301929 5048757.783772145, 308047.5517520871 5048685.191707406)
350	850.14	LINESTRING(307993.7975318473 5048626.617791156, 307928.26969924674 5048552.802015094)
351	849.41	LINESTRING(307031.34676602646 5043952.830999792, 307036.21683949983 5043854.131784225)
352	848.8499999999999	LINESTRING(305200.31632700615 5042170.453385857, 305294.2150150259 5042201.191030916)
353	848.8299999999999	LINESTRING(307689.69414414803 5042248.222915096, 307687.9211523279 5042347.034625881)
354	847.85	LINESTRING(309108.8964177473 5042492.065602284, 309206.60216244956 5042508.720178524)
355	846.4000000000002	LINESTRING(308865.07092622865 5049999.264481353, 308881.43958337704 5050096.680502487)
356	842.33	LINESTRING(306930.2948418051 5047619.361293429, 306874.1215553693 5047538.714783199)
357	841.64	LINESTRING(304712.7313474109 5041769.035509381, 304811.21585131245 5041782.866659632)
358	840.3100000000001	LINESTRING(307905.9778470952 5045074.102406509, 307898.6170913973 5044975.383052926)
359	839.3399999999999	LINESTRING(307117.1975195106 5041183.611644772, 307115.8447064353 5041282.62398258)
360	839.3399999999999	LINESTRING(307118.550332586 5041084.599306963, 307117.1975195106 5041183.611644772)
361	837.4200000000001	LINESTRING(304069.83676383586 5041695.220037053, 304166.85604953585 5041715.292200776)
362	829.98	LINESTRING(308691.02575100027 5049872.950137866, 308673.2052973755 5049775.892186953)
363	829.72	LINESTRING(305086.45040551625 5041790.641213552, 305184.4774244783 5041804.379825698)
364	828.7399999999999	LINESTRING(306925.41314990766 5041691.545068667, 306938.7699993929 5041594.686239859)
365	827.45	LINESTRING(308524.75530739507 5048389.74513228, 308538.2769650198 5048487.364272211)
366	826.9500000000003	LINESTRING(307265.80093677953 5048238.863098268, 307208.7341244657 5048158.666809522)
367	825.49	LINESTRING(307849.8845063185 5044109.488737917, 307862.3388776182 5044207.499551541)
368	823.3299999999999	LINESTRING(307063.1817106178 5046956.227399907, 307137.8867575719 5047020.681202075)
369	822.62	LINESTRING(308740.9654374554 5049513.961321241, 308724.69068745803 5049416.617063256)
370	820.8100000000002	LINESTRING(308666.5967503142 5049084.603810454, 308649.98411102884 5048987.347642739)
371	820.62	LINESTRING(308523.76986410917 5047982.518014057, 308534.905130765 5048080.734334613)
372	820.4799999999999	LINESTRING(305948.9869999449 5042323.839200303, 306047.1714875922 5042336.713731144)
373	820.3499999999999	LINESTRING(301529.87580737507 5041048.446017076, 301625.2608678374 5041073.6373742)
374	814.77	LINESTRING(307333.0606266126 5042355.818856703, 307237.8220517955 5042330.555355983)
375	813.79	LINESTRING(306037.69504987076 5046596.367829173, 305984.045491687 5046513.997240975)
376	812.8100000000001	LINESTRING(308870.00028217415 5049486.4695717655, 308883.44340125046 5049584.3422968)
377	812.4000000000001	LINESTRING(305986.2573067538 5045925.876225053, 305919.41596142726 5045853.704798159)
378	808.6200000000002	LINESTRING(308823.246223181 5049811.379519094, 308839.97682720236 5049908.643373147)
379	807.77	LINESTRING(307059.9549446652 5044255.060768401, 307055.2637576331 5044155.5666418)
380	806.1400000000001	LINESTRING(308455.99452358426 5047638.993091304, 308467.13913123874 5047737.435219756)
381	805.28	LINESTRING(300554.00203215785 5040843.115495008, 300650.3567049485 5040866.807172959)
382	804.9800000000002	LINESTRING(307301.2063086262 5048330.989787224, 307243.85235011484 5048251.020319541)
383	804.8	LINESTRING(308134.3405559913 5048911.296935121, 308184.3823983235 5048995.562218032)
384	804.71	LINESTRING(306913.9932299424 5041039.680438413, 306912.7583922796 5040940.6889598)
385	803.4499999999999	LINESTRING(306938.05116323027 5041404.54287706, 306950.2345522551 5041307.349537227)
386	803.1500000000001	LINESTRING(308875.8022130232 5050921.7737884, 308884.76182839833 5051019.990619334)
387	802.98	LINESTRING(308378.26435878966 5049872.944242824, 308333.9502834573 5049785.638175139)
388	801.2499999999999	LINESTRING(300920.30044660374 5040957.4448334845, 300823.402817996 5040935.822571955)
389	800.7300000000002	LINESTRING(307256.5370000276 5042239.547400964, 307355.32060618146 5042241.923456993)
390	796.0500000000001	LINESTRING(308840.6544597652 5049387.635761702, 308853.96918712853 5049485.489520893)
391	794.6899999999999	LINESTRING(308800.3469899391 5050504.409340766, 308783.68246425403 5050407.098956614)
392	794.6899999999999	LINESTRING(308783.68246425403 5050407.098956614, 308767.01793856896 5050309.78857246)
393	793.4500000000003	LINESTRING(307152.42738023034 5044154.867965803, 307150.4446076779 5044055.992304154)
394	792.4599999999999	LINESTRING(303773.76056871534 5043943.635601108, 303841.98286121746 5044015.708621776)
395	791.7500000000001	LINESTRING(307291.1434261915 5043263.615299734, 307290.9602128838 5043362.613863096)
396	788.7099999999999	LINESTRING(306946.83543942514 5041997.204921272, 306948.5344860987 5042096.393452945)
397	788.26	LINESTRING(307157.2550510645 5041355.401155105, 307156.07716156833 5041454.387358614)
398	787.41	LINESTRING(307756.6367903957 5048501.012283319, 307697.0283524135 5048422.538339954)
399	785.66	LINESTRING(307732.2499591005 5045929.578963692, 307722.8225414981 5045831.052212135)
400	785.5499999999998	LINESTRING(300045.1113913254 5040328.201295966, 300138.9032987904 5040359.227148337)
401	783.8599999999999	LINESTRING(308953.9066142847 5043405.539828302, 308860.47291588935 5043373.300115287)
402	781.75	LINESTRING(305601.90158469864 5041843.457679883, 305504.7730428648 5041822.756966272)
403	778.16	LINESTRING(306949.6412534037 5041495.955259315, 306962.3774680237 5041398.849347172)
404	776.3	LINESTRING(305611.9808888648 5045839.141543897, 305682.39298847376 5045908.709837099)
405	775.35	LINESTRING(302966.98021587724 5043672.311880596, 302897.5852617948 5043601.525481161)
406	775.1800000000001	LINESTRING(307237.12336447614 5040544.506635765, 307234.4690064239 5040643.335045097)
407	775.1800000000001	LINESTRING(307239.7777225284 5040445.678226431, 307237.12336447614 5040544.506635765)
408	773.6299999999999	LINESTRING(309249.36198575463 5042467.532223555, 309347.0973275925 5042484.90746071)
409	768.5900000000001	LINESTRING(308239.8357870458 5042065.18591269, 308337.98948139686 5042079.798539256)
410	768.17	LINESTRING(0.0 0.0, 100.0 0.0)
411	766.17	LINESTRING(308856.7859827643 5050893.027720551, 308844.4950156775 5050795.2133719735)
412	764.1299999999999	LINESTRING(307784.571851144 5045958.558975221, 307777.92960029974 5046056.772572136)
413	763.97	LINESTRING(306202.6160188609 5046524.273598618, 306141.3518241248 5046446.919878496)
414	762.6200000000001	LINESTRING(308605.3992788755 5048741.682121813, 308621.6122602526 5048838.997098954)
415	759.5800000000002	LINESTRING(307152.268804997 5046031.152379959, 307162.1161565616 5046129.498150359)
416	758.52	LINESTRING(299439.6314528477 5040072.12873926, 299355.324099221 5040022.716629684)
417	757.29	LINESTRING(307026.9531484618 5040984.021526617, 307027.34684959665 5041083.290790737)
418	755.2900000000001	LINESTRING(307263.52798286994 5040150.292901509, 307264.99531013594 5040249.052620399)
419	754.4399999999999	LINESTRING(303445.7946231749 5041210.134297868, 303349.4370241573 5041187.797453128)
420	753.5800000000002	LINESTRING(304298.5872870549 5044522.513377853, 304367.5283228379 5044593.7727878485)
421	746.9600000000002	LINESTRING(307034.29834743275 5042248.189962107, 307132.53859047 5042261.925995693)
422	746.93	LINESTRING(307320.4463509546 5044540.852550946, 307314.74188445305 5044442.23052934)
423	745.0300000000001	LINESTRING(307427.55772049463 5042383.456512035, 307526.3114122291 5042393.660056613)
424	745.0	LINESTRING(302465.0734678256 5043115.3224551, 302395.9109419872 5043044.051702155)
425	744.7800000000001	LINESTRING(303845.6402155204 5041603.484643283, 303942.87586998765 5041621.895365516)
426	744.5500000000001	LINESTRING(303112.6953344348 5041294.171131605, 303015.5777486103 5041273.588896943)
427	744.0500000000002	LINESTRING(306876.4724718833 5042061.402442392, 306872.1972814684 5041962.30025622)
428	741.2899999999998	LINESTRING(307882.36492947175 5046407.220441789, 307869.643233072 5046309.400514259)
429	734.66	LINESTRING(306869.1432180648 5047614.502554793, 306938.134413753 5047685.271755542)
430	729.8899999999999	LINESTRING(303943.652029328 5044535.934717613, 303875.70288702 5044463.696872169)
431	727.8299999999999	LINESTRING(308735.21890679275 5049710.717985928, 308717.501413944 5049613.485198284)
432	727.42	LINESTRING(307199.8541518604 5039903.335988381, 307198.53416622634 5040002.280585122)
433	724.0899999999999	LINESTRING(308339.24107046815 5048971.2020112565, 308274.8629758115 5048896.19194732)
434	722.3399999999999	LINESTRING(307805.7402815409 5045851.852817231, 307803.28442983684 5045949.913991406)
435	721.32	LINESTRING(306178.44836545194 5042060.804806872, 306276.9220882548 5042070.0824605925)
436	720.65	LINESTRING(307873.6342788337 5048829.884763736, 307925.99465233483 5048913.267873367)
437	718.4199999999998	LINESTRING(307183.5111424427 5042902.49742946, 307200.4552200117 5042999.502062886)
438	716.2700000000002	LINESTRING(308885.54639683606 5050181.848708574, 308898.55823289684 5050279.965840651)
439	715.51	LINESTRING(306981.0689314519 5042453.907847184, 306968.4480974092 5042356.160796925)
440	714.48	LINESTRING(307156.5131884335 5044997.888279934, 307174.520458541 5044901.731007111)
441	714.19	LINESTRING(308679.42949321424 5047755.93232599, 308689.34520096966 5047854.530219418)
442	712.74	LINESTRING(299551.27606583945 5040350.852605467, 299643.282999808 5040384.89299569)
443	712.0400000000001	LINESTRING(307175.17036447115 5040335.373117022, 307173.3546727408 5040434.346048175)
444	710.7099999999999	LINESTRING(307066.76320410724 5044173.30595818, 307046.58341231965 5044268.727106538)
445	709.8500000000001	LINESTRING(303806.9750205122 5044196.824372976, 303739.19373197015 5044124.25805376)
446	707.5900000000001	LINESTRING(308910.02524264075 5049900.104788177, 308925.88838129217 5049997.9500705805)
447	705.85	LINESTRING(307049.71158163156 5043041.747840165, 307073.9211837683 5042947.202725396)
448	704.1800000000001	LINESTRING(306944.9239952638 5045791.831660571, 306927.2952928977 5045694.625172106)
449	702.0000000000001	LINESTRING(305611.1186588507 5042070.121773307, 305514.7222345985 5042047.389557142)
450	701.4600000000002	LINESTRING(302311.1131174775 5042838.198047702, 302242.4930361339 5042766.404492221)
451	699.75	LINESTRING(306957.8355090308 5047868.996670896, 306903.2803313342 5047787.251113075)
452	698.55	LINESTRING(308941.0593071044 5042297.274531954, 309038.84768268344 5042314.704448021)
453	697.76	LINESTRING(302354.0027271885 5042713.442820593, 302426.77679678274 5042781.062655386)
454	695.8000000000001	LINESTRING(308872.33931592776 5049188.207454626, 308882.2852561578 5049287.221091035)
455	693.5900000000001	LINESTRING(307099.95818957157 5040614.914183846, 307104.90000761766 5040713.954898254)
456	692.0899999999999	LINESTRING(307113.6914362952 5041362.76371551, 307123.9926222004 5041264.991845394)
457	691.63	LINESTRING(308743.3497581809 5051666.201186189, 308725.03274140094 5051569.26878796)
458	691.4000000000001	LINESTRING(306587.07864212734 5042099.408355355, 306685.79997956124 5042109.85694369)
459	691.1000000000001	LINESTRING(308913.2902592244 5050112.369993662, 308925.4709497291 5050210.741177969)
460	688.9799999999999	LINESTRING(308187.7835835957 5049001.034718079, 308239.61965464527 5049084.388150113)
461	686.9799999999999	LINESTRING(304103.496607523 5044492.33374026, 304168.8856930686 5044566.895870303)
462	686.3699999999999	LINESTRING(306630.7068669805 5042817.069191668, 306622.75336950016 5042718.178992769)
463	684.46	LINESTRING(308813.4320798289 5047753.00749125, 308812.1906684129 5047654.507295269)
464	682.97	LINESTRING(307016.44490302686 5040847.315419312, 307017.5568722888 5040748.290094114)
465	682.6200000000001	LINESTRING(307238.25026894605 5043545.960691778, 307236.36402583914 5043644.743296268)
466	682.3699999999999	LINESTRING(308717.0400073751 5050078.908290306, 308699.33474441833 5049982.105737102)
467	682.2800000000001	LINESTRING(306981.32640364504 5046722.702940413, 307057.9343206653 5046784.227142569)
468	682.0200000000001	LINESTRING(304211.1588652983 5041764.296720554, 304113.3099202202 5041745.921859963)
469	679.62	LINESTRING(308833.48375053593 5050841.090961251, 308848.52225116844 5050938.911161484)
470	679.62	LINESTRING(308803.4067492707 5050645.450560781, 308818.44524990325 5050743.270761016)
471	673.9400000000002	LINESTRING(306351.8646469902 5042038.838221607, 306451.247550108 5042044.621261158)
472	671.16	LINESTRING(304323.93969804863 5044079.9782184465, 304388.81314485386 5044155.311221967)
473	669.74	LINESTRING(305455.1240402534 5045224.281138608, 305391.6008820407 5045147.669256868)
474	669.5900000000001	LINESTRING(308576.9128753076 5047371.068391206, 308588.2101882322 5047469.512865059)
475	669.5900000000001	LINESTRING(308565.6155623831 5047272.62391735, 308576.9128753076 5047371.068391206)
476	669.5900000000001	LINESTRING(308542.42123476655 5047080.491290353, 308553.7185476912 5047178.9357642075)
477	666.7099999999999	LINESTRING(308833.5520755363 5048010.6735778395, 308832.7776385857 5047912.18452708)
478	666.5699999999999	LINESTRING(308792.1542750706 5050816.596212189, 308775.85545087594 5050718.927545343)
479	666.1999999999999	LINESTRING(306994.3844813367 5041518.855764084, 306992.296821227 5041618.052872119)
480	664.9	LINESTRING(307103.6581408188 5047985.883904523, 307172.8194089898 5048056.465805503)
481	664.79	LINESTRING(305786.3983540379 5045711.097692587, 305721.27582452673 5045635.986571114)
482	664.3899999999999	LINESTRING(307246.27776908514 5039967.980115167, 307245.9999540236 5040067.177418183)
483	663.9799999999999	LINESTRING(308653.168449092 5051195.228353567, 308632.9187833115 5051098.542656883)
484	663.61	LINESTRING(302640.255448853 5042953.387624163, 302709.7445626026 5043024.229219823)
485	658.2700000000001	LINESTRING(306580.79210672237 5042090.967485391, 306483.4836959894 5042071.764358228)
486	658.12	LINESTRING(305627.7635233304 5042121.546080797, 305726.1745023377 5042132.126756717)
487	657.8000000000001	LINESTRING(307139.2635771885 5048093.581713608, 307084.7298798489 5048011.953621523)
488	656.8199999999999	LINESTRING(308441.183286497 5042791.872340868, 308539.0552777465 5042804.779529841)
489	655.9499999999999	LINESTRING(299615.45395791705 5040351.68122867, 299520.2797023492 5040325.905836967)
490	654.92	LINESTRING(307866.2046435031 5044437.644486732, 307844.31445859215 5044532.525686625)
491	654.6799999999998	LINESTRING(301108.4248075906 5041646.568395802, 301178.24660419207 5041717.246119432)
492	654.0899999999999	LINESTRING(303092.9234556538 5043212.641267892, 303161.22765649605 5043284.696983884)
493	653.07	LINESTRING(306945.5780397431 5041122.396404109, 306943.7145746091 5041023.22000123)
494	651.0200000000001	LINESTRING(309292.6121181249 5042832.138053553, 309195.38082492433 5042810.607813874)
495	646.63	LINESTRING(306812.37564470683 5046649.586763649, 306880.2446899431 5046721.04012109)
496	645.52	LINESTRING(307646.16569504014 5048694.809642634, 307715.33224337007 5048765.26246783)
497	644.54	LINESTRING(301559.68616593024 5041851.660597937, 301490.9906731836 5041779.939901922)
498	644.52	LINESTRING(308472.34986181965 5044115.243414287, 308387.800430398 5044064.199524403)
499	644.26	LINESTRING(307595.97405175806 5048734.381437492, 307539.606180294 5048654.079718377)
500	644.08	LINESTRING(306710.42119121115 5046957.146731149, 306682.337123601 5047050.332497903)
501	642.8999999999999	LINESTRING(307178.66235169495 5041279.299664304, 307190.18019030674 5041181.68609072)
502	642.3500000000001	LINESTRING(308569.9379919012 5046879.459437416, 308580.4645169997 5046978.026319661)
503	642.3500000000001	LINESTRING(308559.4114668028 5046780.892555171, 308569.9379919012 5046879.459437416)
504	642.35	LINESTRING(308570.0524852215 5046974.0037177205, 308580.39817594417 5047072.630858414)
505	641.69	LINESTRING(306867.29985962575 5045592.678715064, 306852.2144091961 5045495.0781516)
506	640.81	LINESTRING(308757.58596788795 5049606.458086893, 308742.34327486 5049508.921324186)
507	637.49	LINESTRING(308538.9785414145 5047173.352973395, 308551.4746151844 5047271.758674602)
508	636.16	LINESTRING(304039.78815244645 5041731.78142319, 303942.5908004867 5041712.349221181)
509	635.83	LINESTRING(308756.13134621835 5051301.549065588, 308781.1965847547 5051396.384202075)
510	635.83	LINESTRING(308737.3598755927 5051216.533582869, 308762.42511412903 5051311.368719357)
511	634.2299999999999	LINESTRING(308138.5304196134 5042403.769904661, 308040.6798412583 5042386.641645223)
512	633.8399999999999	LINESTRING(307143.79595887515 5040217.819841759, 307140.8131915272 5040118.927043569)
513	633.8399999999999	LINESTRING(307140.8131915272 5040118.927043569, 307137.8304241791 5040020.034245381)
514	633.8399999999999	LINESTRING(307137.8304241791 5040020.034245381, 307134.847656831 5039921.141447192)
515	633.8399999999999	LINESTRING(307134.847656831 5039921.141447192, 307131.8648894831 5039822.248649003)
516	633.6899999999999	LINESTRING(307010.0698988262 5041576.195427985, 307026.924971577 5041479.715965613)
517	633.59	LINESTRING(306198.2935314498 5041898.854525739, 306103.2791851109 5041874.328880775)
518	632.8700000000001	LINESTRING(300596.77186544513 5041042.548008775, 300529.93960110575 5040968.735731687)
519	632.0200000000001	LINESTRING(307177.68417643354 5044956.277294285, 307166.00208714424 5044858.112363662)
520	631.47	LINESTRING(308781.7968751349 5051267.764168831, 308763.1964908621 5051170.6924929675)
521	631.05	LINESTRING(305064.0930225197 5044875.873595586, 305126.54804378847 5044952.8557665525)
522	629.42	LINESTRING(307414.598326252 5039102.648696638, 307409.10324515385 5039201.5510984305)
523	627.9000000000001	LINESTRING(307367.44822958973 5042300.839138925, 307382.77337010903 5042397.994327186)
524	627.6000000000001	LINESTRING(307807.0901719928 5044608.068582826, 307820.6852634964 5044705.621188051)
525	626.34	LINESTRING(309416.6305678865 5042322.92355529, 309514.60206123354 5042340.636900447)
526	625.6600000000001	LINESTRING(308754.4873768694 5048973.826082112, 308769.10700831824 5049071.662942577)
527	624.8199999999999	LINESTRING(303880.0238332565 5041298.560266577, 303782.35123759456 5041280.463071581)
528	623.9399999999999	LINESTRING(307373.2449845901 5039576.150024668, 307371.42137905007 5039675.164224176)
529	623.7599999999999	LINESTRING(308800.60441278544 5047647.765207379, 308797.46129635867 5047549.182407229)
530	623.6199999999999	LINESTRING(304987.44484547514 5044419.088424373, 305054.4287580165 5044491.889559561)
531	623.55	LINESTRING(307551.88662369485 5048638.911547181, 307621.8501861318 5048708.728256089)
532	623.55	LINESTRING(307421.5604325782 5048507.929001319, 307491.523995015 5048577.745710226)
533	623.55	LINESTRING(307347.0117362171 5048432.378265953, 307416.97529865394 5048502.194974857)
534	622.3	LINESTRING(306761.01362763427 5047469.994855919, 306819.7822565033 5047549.703902078)
535	622.24	LINESTRING(304425.544381191 5041503.423616399, 304327.5230023295 5041485.88443737)
536	621.3700000000001	LINESTRING(308392.1585040306 5049269.849338682, 308371.04463586485 5049173.623856774)
537	620.34	LINESTRING(308288.61162804754 5050249.260226589, 308242.43113965617 5050162.816272647)
538	619.6	LINESTRING(308762.26572688227 5047847.332907787, 308768.2610204238 5047946.73938191)
539	616.1999999999999	LINESTRING(300400.77497241524 5040837.050614794, 300469.76641658286 5040908.72956198)
540	613.9399999999999	LINESTRING(308846.73201184726 5049358.514597022, 308837.99146684055 5049259.432173158)
541	613.7199999999998	LINESTRING(304454.6877823478 5044596.163159362, 304388.2167337721 5044522.679211957)
542	611.47	LINESTRING(302140.533866812 5042861.435284629, 302070.5502822161 5042790.637267531)
543	609.3399999999999	LINESTRING(307245.79703631334 5048193.792838793, 307313.93762825255 5048265.443983831)
544	609.0899999999999	LINESTRING(308644.11844445387 5051082.974628064, 308625.3559800478 5050985.8753052065)
545	607.63	LINESTRING(308725.1226097636 5050763.981232108, 308740.21851860115 5050861.695729286)
546	606.38	LINESTRING(308433.8102447969 5048909.977026326, 308415.5022349828 5048812.865331473)
547	606.23	LINESTRING(306204.4924875244 5046279.129732661, 306271.6460393913 5046351.644929405)
548	606.05	LINESTRING(302945.2226416397 5040949.2356905565, 302847.2005922432 5040932.3759639785)
549	605.8	LINESTRING(308697.2576800176 5048891.353865931, 308628.011122427 5048820.55034937)
550	605.2700000000001	LINESTRING(308608.24480217183 5046676.277867864, 308618.2783951549 5046774.863543336)
551	603.8500000000001	LINESTRING(308516.16316559626 5047472.679271038, 308528.2636731283 5047571.085560512)
552	603.7299999999999	LINESTRING(305048.0632570112 5041800.970579009, 305147.0412779392 5041810.484656596)
553	603.41	LINESTRING(300313.4736675855 5040578.510827086, 300385.2607059766 5040647.327185947)
554	601.81	LINESTRING(305765.7131745985 5045128.105302617, 305822.5050747149 5045209.306439609)
555	599.69	LINESTRING(308399.40641024546 5042201.127578134, 308497.45255493117 5042214.871161901)
556	598.91	LINESTRING(299258.80828121083 5040179.948686973, 299354.79272018763 5040204.200900605)
557	598.5899999999999	LINESTRING(307424.47697754094 5044860.452706348, 307441.34313610743 5044957.690268944)
558	596.5300000000001	LINESTRING(307140.237478546 5040709.394538128, 307138.6027833777 5040610.379796332)
559	596.31	LINESTRING(307766.69793815084 5048814.985400539, 307835.85139152047 5048885.7962799175)
560	595.5699999999999	LINESTRING(303885.22409717407 5044682.769418175, 303818.4711772913 5044609.554239949)
561	594.3100000000001	LINESTRING(304763.2111713796 5041736.184812989, 304861.9411013634 5041745.468875801)
562	591.8699999999999	LINESTRING(300493.6378961344 5040609.209847486, 300422.0719998292 5040541.263695722)
563	591.58	LINESTRING(304373.02536626795 5041676.857964697, 304471.88556712575 5041688.206460844)
564	590.78	LINESTRING(308398.18789348705 5048678.523787528, 308409.5552041434 5048776.862088289)
565	589.8700000000001	LINESTRING(309059.8340183673 5049658.275245251, 309073.11921093485 5049756.087658184)
566	589.7799999999999	LINESTRING(308982.06110914046 5047544.125552004, 308981.267238556 5047445.426793659)
567	589.7799999999999	LINESTRING(308981.267238556 5047445.426793659, 308980.4733679715 5047346.728035312)
568	589.7799999999999	LINESTRING(308976.85589226475 5047263.098518332, 308976.06202168035 5047164.3997599855)
569	589.2699999999999	LINESTRING(306363.39418179804 5046527.13400331, 306435.3093791505 5046595.530453886)
570	589.1000000000001	LINESTRING(306859.9790956905 5040849.160663802, 306854.4576177134 5040948.116937679)
571	587.81	LINESTRING(307335.2652090804 5039469.581974572, 307334.8665057772 5039568.730851439)
572	587.37	LINESTRING(307308.5493092471 5048307.822615348, 307377.4976337646 5048378.843283469)
573	586.63	LINESTRING(307382.8573844218 5039672.212729096, 307379.35726852634 5039771.358651326)
574	586.48	LINESTRING(305037.3172307001 5045385.935273845, 304977.03222797427 5045307.630243419)
575	585.53	LINESTRING(309018.1609513089 5049892.852211496, 309005.33962384186 5049794.817102592)
576	583.1899999999999	LINESTRING(306791.3394913413 5041532.482776008, 306784.02350822574 5041630.186907077)
577	581.8299999999999	LINESTRING(308543.1457557031 5042281.054803404, 308445.14199985383 5042264.076820459)
578	580.1600000000001	LINESTRING(309451.2660781729 5042659.424633165, 309548.1241309883 5042680.598253146)
579	579.08	LINESTRING(307415.14208384766 5039381.2282680115, 307413.37890886836 5039480.168726083)
580	579.08	LINESTRING(307416.90525882697 5039282.287809939, 307415.14208384766 5039381.2282680115)
581	577.3699999999999	LINESTRING(306892.8974377124 5046190.594340107, 306858.7277344834 5046282.574131983)
582	574.65	LINESTRING(302333.63185457734 5043006.965669407, 302401.4737920838 5043079.6404008595)
583	571.8400000000001	LINESTRING(300679.43654254003 5041099.370304687, 300613.76894194196 5041024.392380461)
584	570.6799999999998	LINESTRING(308522.5646770002 5048682.469114598, 308509.3672545639 5048584.365004884)
585	568.3899999999999	LINESTRING(308315.80452850304 5048830.587892608, 308299.9089057764 5048733.054708857)
586	568.1599999999999	LINESTRING(308724.9703829123 5048412.229229445, 308724.94752547756 5048313.978634883)
587	567.6199999999999	LINESTRING(305543.7315929704 5044820.321321324, 305599.00267639477 5044902.650246713)
588	566.84	LINESTRING(308437.6168992581 5049431.956010313, 308369.010680531 5049359.948070232)
589	563.86	LINESTRING(299887.8941960843 5040291.965375427, 299803.3978776628 5040244.389801498)
590	561.0100000000001	LINESTRING(308738.32049910363 5050292.840724695, 308753.5890145356 5050390.455316583)
591	559.9799999999999	LINESTRING(307200.92420817283 5041833.954180632, 307214.3918910232 5041736.676579324)
592	557.7199999999999	LINESTRING(308740.45056378376 5051408.16211673, 308720.64934299653 5051311.723215031)
593	556.81	LINESTRING(306271.4982620824 5042261.334179263, 306174.0542505086 5042243.9486462)
594	555.1	LINESTRING(307409.1822303084 5043305.189427271, 307427.0583407068 5043402.085597063)
595	552.8100000000002	LINESTRING(308238.85110864847 5044239.149730934, 308251.4558182715 5044337.223917062)
596	552.8	LINESTRING(308622.165608837 5048254.126848394, 308623.128275918 5048155.821909946)
597	550.9499999999999	LINESTRING(305288.5642060763 5042069.690823736, 305191.57217728335 5042049.795943412)
598	550.37	LINESTRING(300932.7693957065 5041702.242529682, 301004.6360385151 5041770.779242848)
599	550.0599999999998	LINESTRING(304149.0850912447 5044289.545636451, 304092.040752532 5044209.130533288)
600	548.5600000000001	LINESTRING(308276.2810597266 5042387.908504494, 308177.73450061225 5042372.660766133)
601	547.72	LINESTRING(307409.13299678685 5042215.236960341, 307508.6338435774 5042218.57923816)
602	546.94	LINESTRING(307311.2893330421 5040501.707539402, 307309.1744224449 5040402.887257993)
603	546.94	LINESTRING(307313.4042436393 5040600.527820811, 307311.2893330421 5040501.707539402)
604	546.9399999999999	LINESTRING(307296.48495886195 5039809.965569541, 307294.3700482648 5039711.145288131)
605	546.9399999999999	LINESTRING(307290.63021119573 5039619.608957389, 307288.5153005985 5039520.788675981)
606	546.9399999999999	LINESTRING(307287.29984930553 5039444.205860212, 307285.1849387085 5039345.385578803)
607	546.9399999999999	LINESTRING(307307.0595118478 5040304.0669765845, 307304.94460125064 5040205.246695176)
608	546.9399999999999	LINESTRING(307309.174422445 5040402.887257994, 307307.0595118478 5040304.0669765845)
609	543.1300000000001	LINESTRING(307455.6911908291 5042795.59014868, 307552.8157513581 5042814.019084655)
610	542.39	LINESTRING(308122.21469250147 5045264.934875595, 308120.4813214411 5045363.515237305)
611	541.6600000000001	LINESTRING(306690.3816090617 5042056.2076394735, 306680.7826065277 5041957.710596617)
612	541.59	LINESTRING(307555.83835094515 5048489.288180767, 307625.33578833006 5048559.710377692)
613	540.61	LINESTRING(306758.57855185034 5046369.404985165, 306753.67888979655 5046270.812724262)
614	539.86	LINESTRING(304861.39518456126 5041594.8642222965, 304763.57587918255 5041576.6280511)
615	539.58	LINESTRING(306517.961634552 5041905.312331766, 306423.5070086066 5041880.004100519)
616	539.4499999999999	LINESTRING(308774.4969441921 5042432.704855733, 308873.3389790246 5042441.753775651)
617	539.0199999999999	LINESTRING(305618.44543399836 5045641.537639951, 305552.17645195156 5045568.793643852)
618	538.7799999999999	LINESTRING(307085.76031115995 5046214.311260987, 307099.9677208161 5046312.082725359)
619	538.6299999999999	LINESTRING(308663.1665577986 5048522.190082946, 308663.4783138286 5048424.025100605)
620	537.09	LINESTRING(307163.32722330774 5042623.964383491, 307262.6653430366 5042626.399053414)
621	531.2700000000001	LINESTRING(308063.1600055548 5049243.3534539305, 308130.44200086733 5049316.2650192585)
622	529.86	LINESTRING(306626.2032485579 5043463.069561907, 306547.1761517384 5043522.182139961)
623	528.82	LINESTRING(308742.6929700087 5049584.188078226, 308756.7991346815 5049681.36379137)
624	528.3100000000001	LINESTRING(308811.6686387177 5050183.202640199, 308790.9515972181 5050086.901184186)
625	527.66	LINESTRING(307498.51411918254 5041955.636106561, 307400.5082566079 5041937.458059914)
626	527.4599999999999	LINESTRING(307014.97625627153 5041757.959454569, 306916.7706745077 5041741.142903413)
627	523.97	LINESTRING(306153.54781897285 5046582.9483197415, 306086.35218784754 5046510.017195876)
628	523.76	LINESTRING(308103.6828177666 5046426.873767778, 308090.469529655 5046328.778535619)
629	523.7499999999999	LINESTRING(308603.11411154753 5047863.123743618, 308602.4686717819 5047764.6581174815)
630	523.21	LINESTRING(301942.76429890515 5040942.301584396, 301844.01209656225 5040927.740787295)
631	522.82	LINESTRING(309354.7497012053 5042617.617538734, 309257.4029680229 5042597.340679356)
632	521.92	LINESTRING(299294.6974701858 5040269.495292851, 299198.83697030897 5040245.350132581)
633	521.6700000000001	LINESTRING(308154.8838894692 5049325.537327997, 308223.9188107354 5049396.423279106)
634	521.67	LINESTRING(304280.140398348 5044813.593903232, 304348.195624521 5044885.268052566)
635	520.38	LINESTRING(305357.5836337231 5045167.699257072, 305425.5884097803 5045238.7687772475)
636	520.0999999999999	LINESTRING(299802.7010906502 5040081.428079431, 299875.7363322391 5040147.679510363)
637	519.3499999999999	LINESTRING(304968.6303572222 5045128.001096334, 304901.82132062287 5045055.230609993)
638	518.15	LINESTRING(308738.85198478645 5050956.191209777, 308756.4126326685 5051053.736175092)
639	518.12	LINESTRING(306708.3435236802 5047350.0102150785, 306683.9448408784 5047444.179993326)
640	518.12	LINESTRING(306732.74220648204 5047255.840436829, 306708.3435236802 5047350.0102150785)
641	518.12	LINESTRING(306757.14088928397 5047161.670658583, 306732.74220648204 5047255.840436829)
642	517.3900000000001	LINESTRING(309364.2101735517 5050492.448737469, 309429.71276653657 5050567.009582024)
643	516.25	LINESTRING(308721.3406549517 5049768.306106182, 308791.70257269323 5049838.087652548)
644	516.21	LINESTRING(305290.78530890046 5042157.919723024, 305389.6283292671 5042166.875011762)
645	516.12	LINESTRING(306921.50944898196 5046425.089596705, 306875.54361669905 5046512.612560081)
646	516.05	LINESTRING(307095.2850130301 5043679.1688565705, 307119.39925009944 5043774.854729855)
647	513.97	LINESTRING(301100.91837542516 5040778.164143609, 301002.3260463588 5040762.545455858)
648	512.8499999999999	LINESTRING(304228.6606080111 5044522.290718599, 304163.7259556314 5044447.34817471)
649	512.39	LINESTRING(302016.22466505284 5042803.3781025745, 302083.43161108275 5042876.739439038)
650	511.91	LINESTRING(308879.7412956331 5048757.853039616, 308890.19733736373 5048856.177608124)
651	511.21000000000004	LINESTRING(301400.33940977417 5041849.865646875, 301335.29425526626 5041774.3460772475)
652	510.28999999999996	LINESTRING(299842.3153429564 5040118.657044485, 299770.0220729085 5040050.55141407)
653	508.68000000000006	LINESTRING(307670.50433537003 5045871.055721857, 307680.16700189904 5045773.248067518)
654	508.32000000000005	LINESTRING(304685.2536073956 5041476.130116618, 304587.0987057319 5041459.333917981)
655	507.7899999999999	LINESTRING(300093.2727755267 5040415.931232659, 300021.2466218835 5040348.3559506675)
656	507.59000000000003	LINESTRING(307134.31325868407 5045838.959985478, 307097.1548142896 5045929.786544261)
657	506.92	LINESTRING(307281.61430131306 5042115.921096854, 307280.6632867861 5042214.622291116)
658	506.04999999999995	LINESTRING(307276.1135326299 5039712.704370312, 307272.071508153 5039613.771694222)
659	502.98	LINESTRING(306838.3605569197 5043098.959034366, 306821.9745538365 5043002.017453657)
660	502.59000000000003	LINESTRING(306938.34109145333 5042705.599690655, 306919.54269570316 5042608.552202126)
661	502.52	LINESTRING(308612.2936706004 5049686.66242376, 308544.45127171266 5049613.843323902)
662	502.11	LINESTRING(299582.634605431 5039846.375418445, 299655.15811895777 5039913.254259726)
663	502.0799999999999	LINESTRING(307322.81754595303 5039342.489692821, 307320.2810372778 5039243.771788235)
664	502.0799999999999	LINESTRING(307320.2810372778 5039243.771788235, 307317.7445286024 5039145.0538836485)
665	502.0799999999999	LINESTRING(307317.7445286024 5039145.0538836485, 307315.2080199271 5039046.335979063)
666	501.9099999999999	LINESTRING(308972.0059639935 5053469.248835714, 308951.99963540694 5053372.963754515)
667	501.63	LINESTRING(301876.7276692873 5042664.114452976, 301943.83794908173 5042737.536422561)
